{"stats":{"minecraft:custom":{"minecraft:open_barrel":7,"minecraft:time_since_rest":21360,"minecraft:open_chest":6,"minecraft:crouch_one_cm":5,"minecraft:play_time":22934,"minecraft:sprint_one_cm":20695,"minecraft:walk_one_cm":68940,"minecraft:damage_taken":350,"minecraft:deaths":1,"minecraft:sneak_time":87,"minecraft:walk_under_water_one_cm":1050,"minecraft:mob_kills":20,"minecraft:damage_dealt_resisted":6,"minecraft:aviate_one_cm":205244,"minecraft:jump":83,"minecraft:damage_dealt":1907,"minecraft:walk_on_water_one_cm":665,"minecraft:time_since_death":21333,"minecraft:total_world_time":22934,"minecraft:fall_one_cm":4213,"minecraft:fly_one_cm":87447},"minecraft:mined":{"biomesoplenty:flowering_oak_leaves":1},"minecraft:killed":{"minecraft:sheep":2,"minecraft:zombie":3,"minecraft:creeper":3,"minecraft:chicken":1,"born_in_chaos_v1:maggot":2,"minecraft:skeleton":5,"minecraft:spider":2},"minecraft:picked_up":{"minecraft:stick":2,"minecraft:cooked_mutton":4,"minecraft:bone":4,"minecraft:rotten_flesh":6,"minecraft:gunpowder":3,"born_in_chaos_v1:corpse_maggot":2,"minecraft:arrow":1,"minecraft:string":2},"minecraft:used":{"celestisynth:crescentia":9,"celestisynth:rainfall_serenity":46,"minecraft:firework_rocket":6,"aquamirae:whisper_of_the_abyss":1,"celestisynth:poltergeist":6,"aquamirae:abyssal_heaume":1,"minecraft:elytra":1,"celestisynth:solaris":21,"dreadsteel:dreadsteel_chestplate":2,"minecraft:spruce_planks":1}},"DataVersion":3465}