{"stats":{"minecraft:custom":{"minecraft:jump":33,"minecraft:open_chest":6,"minecraft:time_since_rest":9360,"minecraft:crouch_one_cm":5,"minecraft:damage_dealt":61,"minecraft:deaths":1,"minecraft:sprint_one_cm":10341,"minecraft:play_time":10934,"minecraft:damage_taken":350,"minecraft:time_since_death":9333,"minecraft:walk_one_cm":31013,"minecraft:sneak_time":60,"minecraft:total_world_time":10934,"minecraft:fall_one_cm":4213,"minecraft:fly_one_cm":13450,"minecraft:open_barrel":7,"minecraft:damage_dealt_resisted":6},"minecraft:mined":{"biomesoplenty:flowering_oak_leaves":1},"minecraft:used":{"minecraft:spruce_planks":1},"minecraft:picked_up":{"minecraft:stick":2}},"DataVersion":3465}